selection;small-range;100;46626
selection;small-range;200;183347
selection;small-range;300;409984
selection;small-range;400;726627
selection;small-range;500;1133300
selection;small-range;600;1629991
selection;small-range;700;2216649
selection;small-range;800;2893481
selection;small-range;900;3660097
selection;small-range;1000;4516764
selection;small-range;1100;5463461
selection;small-range;1200;6500128
selection;small-range;1300;7626795
selection;small-range;1400;8843618
selection;small-range;1500;10150183
selection;small-range;1600;11546865
selection;small-range;1700;13033700
selection;small-range;1800;14610430
selection;small-range;1900;16277019
selection;small-range;2000;18033728
selection;small-range;2100;19880383
selection;small-range;2200;21817059
selection;small-range;2300;23843585
selection;small-range;2400;25960378
selection;small-range;2500;28166919
selection;small-range;2600;30463670
selection;small-range;2700;32850331
selection;small-range;2800;35327046
selection;small-range;2900;37893752
selection;small-range;3000;40550563
selection;small-range;3100;43297176
selection;small-range;3200;46133735
selection;small-range;3300;49060456
selection;small-range;3400;52077084
selection;small-range;3500;55183883
selection;small-range;3600;58380388
selection;small-range;3700;61667079
selection;small-range;3800;65043899
selection;small-range;3900;68510554
selection;small-range;4000;72067197
selection;small-range;4100;75713801
selection;big-range;100;47220
selection;big-range;200;184727
selection;big-range;300;412576
selection;big-range;400;729945
selection;big-range;500;1138175
selection;big-range;600;1636030
selection;big-range;700;2224227
selection;big-range;800;2902442
selection;big-range;900;3670006
selection;big-range;1000;4528725
selection;big-range;1100;5476289
selection;big-range;1200;6515464
selection;big-range;1300;7643373
selection;big-range;1400;8861570
selection;big-range;1500;10170457
selection;big-range;1600;11568387
selection;big-range;1700;13055495
selection;big-range;1800;14634262
selection;big-range;1900;16302774
selection;big-range;2000;18060536
selection;big-range;2100;19909285
selection;big-range;2200;21848361
selection;big-range;2300;23875313
selection;big-range;2400;25993408
selection;big-range;2500;28203663
selection;big-range;2600;30502442
selection;big-range;2700;32890780
selection;big-range;2800;35368338
selection;big-range;2900;37937645
selection;big-range;3000;40594549
selection;big-range;3100;43343292
selection;big-range;3200;46182584
selection;big-range;3300;49110151
selection;big-range;3400;52128879
selection;big-range;3500;55237457
selection;big-range;3600;58435522
selection;big-range;3700;61725918
selection;big-range;3800;65103164
selection;big-range;3900;68571739
selection;big-range;4000;72130344
selection;big-range;4100;75777137
selection;almost-sorted;100;46818
selection;almost-sorted;200;183677
selection;almost-sorted;300;410599
selection;almost-sorted;400;727572
selection;almost-sorted;500;1134548
selection;almost-sorted;600;1631512
selection;almost-sorted;700;2218485
selection;almost-sorted;800;2895437
selection;almost-sorted;900;3662410
selection;almost-sorted;1000;4519362
selection;almost-sorted;1100;5466329
selection;almost-sorted;1200;6503278
selection;almost-sorted;1300;7630230
selection;almost-sorted;1400;8847182
selection;almost-sorted;1500;10154125
selection;almost-sorted;1600;11551062
selection;almost-sorted;1700;13038014
selection;almost-sorted;1800;14614969
selection;almost-sorted;1900;16281918
selection;almost-sorted;2000;18038879
selection;almost-sorted;2100;19885855
selection;almost-sorted;2200;21822840
selection;almost-sorted;2300;23849825
selection;almost-sorted;2400;25966798
selection;almost-sorted;2500;28173768
selection;almost-sorted;2600;30470762
selection;almost-sorted;2700;32857750
selection;almost-sorted;2800;35334735
selection;almost-sorted;2900;37901723
selection;almost-sorted;3000;40558705
selection;almost-sorted;3100;43305591
selection;almost-sorted;3200;46142555
selection;almost-sorted;3300;49069516
selection;almost-sorted;3400;52086480
selection;almost-sorted;3500;55193441
selection;almost-sorted;3600;58391338
selection;almost-sorted;3700;61678239
selection;almost-sorted;3800;65055131
selection;almost-sorted;3900;68521774
selection;almost-sorted;4000;72078966
selection;almost-sorted;4100;75696296
selection;reversed;100;53736
selection;reversed;200;212486
selection;reversed;300;476236
selection;reversed;400;844986
selection;reversed;500;1318736
selection;reversed;600;1897486
selection;reversed;700;2581236
selection;reversed;800;3369986
selection;reversed;900;4263736
selection;reversed;1000;5262486
selection;reversed;1100;6366236
selection;reversed;1200;7574986
selection;reversed;1300;8888736
selection;reversed;1400;10307486
selection;reversed;1500;11831236
selection;reversed;1600;13459986
selection;reversed;1700;15193736
selection;reversed;1800;17032486
selection;reversed;1900;18976236
selection;reversed;2000;21024986
selection;reversed;2100;23178736
selection;reversed;2200;25437486
selection;reversed;2300;27801236
selection;reversed;2400;30269986
selection;reversed;2500;32843736
selection;reversed;2600;35522486
selection;reversed;2700;38306236
selection;reversed;2800;41194986
selection;reversed;2900;44188736
selection;reversed;3000;47287486
selection;reversed;3100;50491236
selection;reversed;3200;53799986
selection;reversed;3300;57213736
selection;reversed;3400;60732486
selection;reversed;3500;64356236
selection;reversed;3600;68084986
selection;reversed;3700;71918736
selection;reversed;3800;75857486
selection;reversed;3900;79901236
selection;reversed;4000;84049986
selection;reversed;4100;88303736
bubble;small-range;100;70152
bubble;small-range;200;281172
bubble;small-range;300;632287
bubble;small-range;400;1132052
bubble;small-range;500;1756977
bubble;small-range;600;2532737
bubble;small-range;700;3445392
bubble;small-range;800;4489362
bubble;small-range;900;5676127
bubble;small-range;1000;6999532
bubble;small-range;1100;8497242
bubble;small-range;1200;10139217
bubble;small-range;1300;11903257
bubble;small-range;1400;13784227
bubble;small-range;1500;15829352
bubble;small-range;1600;18011897
bubble;small-range;1700;20317647
bubble;small-range;1800;22760687
bubble;small-range;1900;25390157
bubble;small-range;2000;28072097
bubble;small-range;2100;30947957
bubble;small-range;2200;34013937
bubble;small-range;2300;37189862
bubble;small-range;2400;40497927
bubble;small-range;2500;43898062
bubble;small-range;2600;47471287
bubble;small-range;2700;51193912
bubble;small-range;2800;55124492
bubble;small-range;2900;59215877
bubble;small-range;3000;63426797
bubble;small-range;3100;67723517
bubble;small-range;3200;72156522
bubble;small-range;3300;76742972
bubble;small-range;3400;81485992
bubble;small-range;3500;86363642
bubble;small-range;3600;91386062
bubble;small-range;3700;96386817
bubble;small-range;3800;101701847
bubble;small-range;3900;107006127
bubble;small-range;4000;112641632
bubble;small-range;4100;118344417
bubble;big-range;100;72942
bubble;big-range;200;292332
bubble;big-range;300;651037
bubble;big-range;400;1159392
bubble;big-range;500;1814492
bubble;big-range;600;2596387
bubble;big-range;700;3529722
bubble;big-range;800;4641052
bubble;big-range;900;5873192
bubble;big-range;1000;7221057
bubble;big-range;1100;8778817
bubble;big-range;1200;10435327
bubble;big-range;1300;12249392
bubble;big-range;1400;14182942
bubble;big-range;1500;16300157
bubble;big-range;1600;18508912
bubble;big-range;1700;20914867
bubble;big-range;1800;23483637
bubble;big-range;1900;26154507
bubble;big-range;2000;28933547
bubble;big-range;2100;31925037
bubble;big-range;2200;35098752
bubble;big-range;2300;38355692
bubble;big-range;2400;41816162
bubble;big-range;2500;45399192
bubble;big-range;2600;49085377
bubble;big-range;2700;52872932
bubble;big-range;2800;56838427
bubble;big-range;2900;60973342
bubble;big-range;3000;65316317
bubble;big-range;3100;69746227
bubble;big-range;3200;74400752
bubble;big-range;3300;79103417
bubble;big-range;3400;83931217
bubble;big-range;3500;89037707
bubble;big-range;3600;94176512
bubble;big-range;3700;99484632
bubble;big-range;3800;104825217
bubble;big-range;3900;110400667
bubble;big-range;4000;116137802
bubble;big-range;4100;122096177
bubble;almost-sorted;100;62067
bubble;almost-sorted;200;245122
bubble;almost-sorted;300;548537
bubble;almost-sorted;400;972237
bubble;almost-sorted;500;1515937
bubble;almost-sorted;600;2180072
bubble;almost-sorted;700;2964272
bubble;almost-sorted;800;3868472
bubble;almost-sorted;900;4892672
bubble;almost-sorted;1000;6036872
bubble;almost-sorted;1100;7301447
bubble;almost-sorted;1200;8686147
bubble;almost-sorted;1300;10190847
bubble;almost-sorted;1400;11815547
bubble;almost-sorted;1500;13560247
bubble;almost-sorted;1600;15424947
bubble;almost-sorted;1700;17409647
bubble;almost-sorted;1800;19514347
bubble;almost-sorted;1900;21739047
bubble;almost-sorted;2000;24083747
bubble;almost-sorted;2100;26548482
bubble;almost-sorted;2200;29133182
bubble;almost-sorted;2300;31837882
bubble;almost-sorted;2400;34662582
bubble;almost-sorted;2500;37607282
bubble;almost-sorted;2600;40671982
bubble;almost-sorted;2700;43856682
bubble;almost-sorted;2800;47161382
bubble;almost-sorted;2900;50586082
bubble;almost-sorted;3000;54130782
bubble;almost-sorted;3100;57805622
bubble;almost-sorted;3200;61589822
bubble;almost-sorted;3300;65494022
bubble;almost-sorted;3400;69518222
bubble;almost-sorted;3500;73662422
bubble;almost-sorted;3600;77941942
bubble;almost-sorted;3700;82325642
bubble;almost-sorted;3800;86829342
bubble;almost-sorted;3900;91470702
bubble;almost-sorted;4000;96232982
bubble;almost-sorted;4100;101196352
bubble;reversed;100;84952
bubble;reversed;200;339902
bubble;reversed;300;764852
bubble;reversed;400;1359802
bubble;reversed;500;2124752
bubble;reversed;600;3059702
bubble;reversed;700;4164652
bubble;reversed;800;5439602
bubble;reversed;900;6884552
bubble;reversed;1000;8499502
bubble;reversed;1100;10284452
bubble;reversed;1200;12239402
bubble;reversed;1300;14364352
bubble;reversed;1400;16659302
bubble;reversed;1500;19124252
bubble;reversed;1600;21759202
bubble;reversed;1700;24564152
bubble;reversed;1800;27539102
bubble;reversed;1900;30684052
bubble;reversed;2000;33999002
bubble;reversed;2100;37483952
bubble;reversed;2200;41138902
bubble;reversed;2300;44963852
bubble;reversed;2400;48958802
bubble;reversed;2500;53123752
bubble;reversed;2600;57458702
bubble;reversed;2700;61963652
bubble;reversed;2800;66638602
bubble;reversed;2900;71483552
bubble;reversed;3000;76498502
bubble;reversed;3100;81683452
bubble;reversed;3200;87038402
bubble;reversed;3300;92563352
bubble;reversed;3400;98258302
bubble;reversed;3500;104123252
bubble;reversed;3600;110158202
bubble;reversed;3700;116363152
bubble;reversed;3800;122738102
bubble;reversed;3900;129283052
bubble;reversed;4000;135998002
bubble;reversed;4100;142882952
bubble-iverson-1;small-range;100;67368
bubble-iverson-1;small-range;200;275017
bubble-iverson-1;small-range;300;624315
bubble-iverson-1;small-range;400;1093675
bubble-iverson-1;small-range;500;1696448
bubble-iverson-1;small-range;600;2454823
bubble-iverson-1;small-range;700;3345049
bubble-iverson-1;small-range;800;4390913
bubble-iverson-1;small-range;900;5554034
bubble-iverson-1;small-range;1000;6865901
bubble-iverson-1;small-range;1100;8277497
bubble-iverson-1;small-range;1200;9794349
bubble-iverson-1;small-range;1300;11579889
bubble-iverson-1;small-range;1400;13420158
bubble-iverson-1;small-range;1500;15369361
bubble-iverson-1;small-range;1600;17434616
bubble-iverson-1;small-range;1700;19714646
bubble-iverson-1;small-range;1800;22057415
bubble-iverson-1;small-range;1900;24585937
bubble-iverson-1;small-range;2000;27262040
bubble-iverson-1;small-range;2100;30028538
bubble-iverson-1;small-range;2200;32959094
bubble-iverson-1;small-range;2300;36033040
bubble-iverson-1;small-range;2400;39170587
bubble-iverson-1;small-range;2500;42626534
bubble-iverson-1;small-range;2600;46070442
bubble-iverson-1;small-range;2700;49729372
bubble-iverson-1;small-range;2800;53448091
bubble-iverson-1;small-range;2900;57308618
bubble-iverson-1;small-range;3000;61363699
bubble-iverson-1;small-range;3100;65474504
bubble-iverson-1;small-range;3200;69718378
bubble-iverson-1;small-range;3300;74206876
bubble-iverson-1;small-range;3400;78800049
bubble-iverson-1;small-range;3500;83614317
bubble-iverson-1;small-range;3600;88478385
bubble-iverson-1;small-range;3700;93428976
bubble-iverson-1;small-range;3800;98640543
bubble-iverson-1;small-range;3900;103932329
bubble-iverson-1;small-range;4000;109394696
bubble-iverson-1;small-range;4100;114708453
bubble-iverson-1;big-range;100;73087
bubble-iverson-1;big-range;200;287857
bubble-iverson-1;big-range;300;658022
bubble-iverson-1;big-range;400;1167234
bubble-iverson-1;big-range;500;1809175
bubble-iverson-1;big-range;600;2613582
bubble-iverson-1;big-range;700;3572363
bubble-iverson-1;big-range;800;4631897
bubble-iverson-1;big-range;900;5846482
bubble-iverson-1;big-range;1000;7237220
bubble-iverson-1;big-range;1100;8768358
bubble-iverson-1;big-range;1200;10413150
bubble-iverson-1;big-range;1300;12201790
bubble-iverson-1;big-range;1400;14152675
bubble-iverson-1;big-range;1500;16286994
bubble-iverson-1;big-range;1600;18509089
bubble-iverson-1;big-range;1700;20915052
bubble-iverson-1;big-range;1800;23390687
bubble-iverson-1;big-range;1900;26099239
bubble-iverson-1;big-range;2000;28995980
bubble-iverson-1;big-range;2100;31956172
bubble-iverson-1;big-range;2200;35038811
bubble-iverson-1;big-range;2300;38234179
bubble-iverson-1;big-range;2400;41631993
bubble-iverson-1;big-range;2500;45250560
bubble-iverson-1;big-range;2600;48908577
bubble-iverson-1;big-range;2700;52812844
bubble-iverson-1;big-range;2800;56834263
bubble-iverson-1;big-range;2900;60976107
bubble-iverson-1;big-range;3000;65336324
bubble-iverson-1;big-range;3100;69791896
bubble-iverson-1;big-range;3200;74411524
bubble-iverson-1;big-range;3300;79181960
bubble-iverson-1;big-range;3400;84059331
bubble-iverson-1;big-range;3500;89031946
bubble-iverson-1;big-range;3600;94148588
bubble-iverson-1;big-range;3700;99541142
bubble-iverson-1;big-range;3800;104914536
bubble-iverson-1;big-range;3900;110484999
bubble-iverson-1;big-range;4000;116209739
bubble-iverson-1;big-range;4100;121942918
bubble-iverson-1;almost-sorted;100;9032
bubble-iverson-1;almost-sorted;200;21760
bubble-iverson-1;almost-sorted;300;37181
bubble-iverson-1;almost-sorted;400;50881
bubble-iverson-1;almost-sorted;500;64581
bubble-iverson-1;almost-sorted;600;85399
bubble-iverson-1;almost-sorted;700;100899
bubble-iverson-1;almost-sorted;800;116399
bubble-iverson-1;almost-sorted;900;131899
bubble-iverson-1;almost-sorted;1000;147399
bubble-iverson-1;almost-sorted;1100;175422
bubble-iverson-1;almost-sorted;1200;192722
bubble-iverson-1;almost-sorted;1300;210022
bubble-iverson-1;almost-sorted;1400;227322
bubble-iverson-1;almost-sorted;1500;244622
bubble-iverson-1;almost-sorted;1600;261922
bubble-iverson-1;almost-sorted;1700;279222
bubble-iverson-1;almost-sorted;1800;296522
bubble-iverson-1;almost-sorted;1900;313822
bubble-iverson-1;almost-sorted;2000;331122
bubble-iverson-1;almost-sorted;2100;440353
bubble-iverson-1;almost-sorted;2200;462053
bubble-iverson-1;almost-sorted;2300;483753
bubble-iverson-1;almost-sorted;2400;505453
bubble-iverson-1;almost-sorted;2500;527153
bubble-iverson-1;almost-sorted;2600;548853
bubble-iverson-1;almost-sorted;2700;570553
bubble-iverson-1;almost-sorted;2800;592253
bubble-iverson-1;almost-sorted;2900;613953
bubble-iverson-1;almost-sorted;3000;635653
bubble-iverson-1;almost-sorted;3100;47117979
bubble-iverson-1;almost-sorted;3200;49390679
bubble-iverson-1;almost-sorted;3300;51663379
bubble-iverson-1;almost-sorted;3400;53936079
bubble-iverson-1;almost-sorted;3500;56208779
bubble-iverson-1;almost-sorted;3600;70067942
bubble-iverson-1;almost-sorted;3700;73465242
bubble-iverson-1;almost-sorted;3800;76862542
bubble-iverson-1;almost-sorted;3900;83436414
bubble-iverson-1;almost-sorted;4000;88200851
bubble-iverson-1;almost-sorted;4100;92924607
bubble-iverson-1;reversed;100;89904
bubble-iverson-1;reversed;200;359804
bubble-iverson-1;reversed;300;809704
bubble-iverson-1;reversed;400;1439604
bubble-iverson-1;reversed;500;2249504
bubble-iverson-1;reversed;600;3239404
bubble-iverson-1;reversed;700;4409304
bubble-iverson-1;reversed;800;5759204
bubble-iverson-1;reversed;900;7289104
bubble-iverson-1;reversed;1000;8999004
bubble-iverson-1;reversed;1100;10888904
bubble-iverson-1;reversed;1200;12958804
bubble-iverson-1;reversed;1300;15208704
bubble-iverson-1;reversed;1400;17638604
bubble-iverson-1;reversed;1500;20248504
bubble-iverson-1;reversed;1600;23038404
bubble-iverson-1;reversed;1700;26008304
bubble-iverson-1;reversed;1800;29158204
bubble-iverson-1;reversed;1900;32488104
bubble-iverson-1;reversed;2000;35998004
bubble-iverson-1;reversed;2100;39687904
bubble-iverson-1;reversed;2200;43557804
bubble-iverson-1;reversed;2300;47607704
bubble-iverson-1;reversed;2400;51837604
bubble-iverson-1;reversed;2500;56247504
bubble-iverson-1;reversed;2600;60837404
bubble-iverson-1;reversed;2700;65607304
bubble-iverson-1;reversed;2800;70557204
bubble-iverson-1;reversed;2900;75687104
bubble-iverson-1;reversed;3000;80997004
bubble-iverson-1;reversed;3100;86486904
bubble-iverson-1;reversed;3200;92156804
bubble-iverson-1;reversed;3300;98006704
bubble-iverson-1;reversed;3400;104036604
bubble-iverson-1;reversed;3500;110246504
bubble-iverson-1;reversed;3600;116636404
bubble-iverson-1;reversed;3700;123206304
bubble-iverson-1;reversed;3800;129956204
bubble-iverson-1;reversed;3900;136886104
bubble-iverson-1;reversed;4000;143996004
bubble-iverson-1;reversed;4100;151285904
bubble-iverson-2;small-range;100;63129
bubble-iverson-2;small-range;200;259687
bubble-iverson-2;small-range;300;580531
bubble-iverson-2;small-range;400;1054493
bubble-iverson-2;small-range;500;1615630
bubble-iverson-2;small-range;600;2385700
bubble-iverson-2;small-range;700;3245716
bubble-iverson-2;small-range;800;4243806
bubble-iverson-2;small-range;900;5327529
bubble-iverson-2;small-range;1000;6534750
bubble-iverson-2;small-range;1100;7883438
bubble-iverson-2;small-range;1200;9414386
bubble-iverson-2;small-range;1300;10933423
bubble-iverson-2;small-range;1400;12718280
bubble-iverson-2;small-range;1500;14540285
bubble-iverson-2;small-range;1600;16383451
bubble-iverson-2;small-range;1700;18622055
bubble-iverson-2;small-range;1800;20824419
bubble-iverson-2;small-range;1900;23222348
bubble-iverson-2;small-range;2000;25887780
bubble-iverson-2;small-range;2100;28509083
bubble-iverson-2;small-range;2200;31260510
bubble-iverson-2;small-range;2300;34113465
bubble-iverson-2;small-range;2400;37175331
bubble-iverson-2;small-range;2500;40306940
bubble-iverson-2;small-range;2600;43641934
bubble-iverson-2;small-range;2700;47058018
bubble-iverson-2;small-range;2800;50663170
bubble-iverson-2;small-range;2900;54309678
bubble-iverson-2;small-range;3000;58175448
bubble-iverson-2;small-range;3100;62184777
bubble-iverson-2;small-range;3200;66151458
bubble-iverson-2;small-range;3300;70237999
bubble-iverson-2;small-range;3400;74541186
bubble-iverson-2;small-range;3500;78907853
bubble-iverson-2;small-range;3600;83485863
bubble-iverson-2;small-range;3700;88118932
bubble-iverson-2;small-range;3800;92841338
bubble-iverson-2;small-range;3900;97851606
bubble-iverson-2;small-range;4000;102875373
bubble-iverson-2;small-range;4100;108317089
bubble-iverson-2;big-range;100;69143
bubble-iverson-2;big-range;200;278785
bubble-iverson-2;big-range;300;620261
bubble-iverson-2;big-range;400;1129525
bubble-iverson-2;big-range;500;1782737
bubble-iverson-2;big-range;600;2580841
bubble-iverson-2;big-range;700;3507012
bubble-iverson-2;big-range;800;4571780
bubble-iverson-2;big-range;900;5735272
bubble-iverson-2;big-range;1000;7090823
bubble-iverson-2;big-range;1100;8531934
bubble-iverson-2;big-range;1200;10121908
bubble-iverson-2;big-range;1300;11909586
bubble-iverson-2;big-range;1400;13847038
bubble-iverson-2;big-range;1500;15875847
bubble-iverson-2;big-range;1600;18034840
bubble-iverson-2;big-range;1700;20298548
bubble-iverson-2;big-range;1800;22743533
bubble-iverson-2;big-range;1900;25300815
bubble-iverson-2;big-range;2000;28117617
bubble-iverson-2;big-range;2100;30973260
bubble-iverson-2;big-range;2200;34018778
bubble-iverson-2;big-range;2300;37298949
bubble-iverson-2;big-range;2400;40548727
bubble-iverson-2;big-range;2500;44032430
bubble-iverson-2;big-range;2600;47635998
bubble-iverson-2;big-range;2700;51169324
bubble-iverson-2;big-range;2800;55036381
bubble-iverson-2;big-range;2900;59023444
bubble-iverson-2;big-range;3000;63090658
bubble-iverson-2;big-range;3100;67248206
bubble-iverson-2;big-range;3200;71626594
bubble-iverson-2;big-range;3300;76219168
bubble-iverson-2;big-range;3400;80989854
bubble-iverson-2;big-range;3500;85687512
bubble-iverson-2;big-range;3600;90648003
bubble-iverson-2;big-range;3700;95864028
bubble-iverson-2;big-range;3800;100830042
bubble-iverson-2;big-range;3900;106112558
bubble-iverson-2;big-range;4000;111666037
bubble-iverson-2;big-range;4100;117074426
bubble-iverson-2;almost-sorted;100;9728
bubble-iverson-2;almost-sorted;200;22252
bubble-iverson-2;almost-sorted;300;41655
bubble-iverson-2;almost-sorted;400;55328
bubble-iverson-2;almost-sorted;500;74968
bubble-iverson-2;almost-sorted;600;156179
bubble-iverson-2;almost-sorted;700;112693
bubble-iverson-2;almost-sorted;800;145459
bubble-iverson-2;almost-sorted;900;162787
bubble-iverson-2;almost-sorted;1000;200749
bubble-iverson-2;almost-sorted;1100;206305
bubble-iverson-2;almost-sorted;1200;214364
bubble-iverson-2;almost-sorted;1300;283329
bubble-iverson-2;almost-sorted;1400;272064
bubble-iverson-2;almost-sorted;1500;336901
bubble-iverson-2;almost-sorted;1600;301315
bubble-iverson-2;almost-sorted;1700;460784
bubble-iverson-2;almost-sorted;1800;1023263
bubble-iverson-2;almost-sorted;1900;479338
bubble-iverson-2;almost-sorted;2000;1612473
bubble-iverson-2;almost-sorted;2100;2466860
bubble-iverson-2;almost-sorted;2200;547773
bubble-iverson-2;almost-sorted;2300;557428
bubble-iverson-2;almost-sorted;2400;2416524
bubble-iverson-2;almost-sorted;2500;641513
bubble-iverson-2;almost-sorted;2600;1710560
bubble-iverson-2;almost-sorted;2700;538741
bubble-iverson-2;almost-sorted;2800;869940
bubble-iverson-2;almost-sorted;2900;993649
bubble-iverson-2;almost-sorted;3000;837228
bubble-iverson-2;almost-sorted;3100;38275292
bubble-iverson-2;almost-sorted;3200;38367902
bubble-iverson-2;almost-sorted;3300;39088000
bubble-iverson-2;almost-sorted;3400;38452258
bubble-iverson-2;almost-sorted;3500;38603922
bubble-iverson-2;almost-sorted;3600;57327009
bubble-iverson-2;almost-sorted;3700;57379810
bubble-iverson-2;almost-sorted;3800;57499988
bubble-iverson-2;almost-sorted;3900;66708092
bubble-iverson-2;almost-sorted;4000;71582688
bubble-iverson-2;almost-sorted;4100;76341323
bubble-iverson-2;reversed;100;95458
bubble-iverson-2;reversed;200;380898
bubble-iverson-2;reversed;300;856908
bubble-iverson-2;reversed;400;1524059
bubble-iverson-2;reversed;500;2380069
bubble-iverson-2;reversed;600;3426079
bubble-iverson-2;reversed;700;4663419
bubble-iverson-2;reversed;800;6085058
bubble-iverson-2;reversed;900;7702398
bubble-iverson-2;reversed;1000;9508218
bubble-iverson-2;reversed;1100;11506129
bubble-iverson-2;reversed;1200;13689858
bubble-iverson-2;reversed;1300;16070619
bubble-iverson-2;reversed;1400;18631498
bubble-iverson-2;reversed;1500;21390169
bubble-iverson-2;reversed;1600;24336179
bubble-iverson-2;reversed;1700;27472189
bubble-iverson-2;reversed;1800;30798199
bubble-iverson-2;reversed;1900;34314209
bubble-iverson-2;reversed;2000;38016418
bubble-iverson-2;reversed;2100;41915650
bubble-iverson-2;reversed;2200;46004130
bubble-iverson-2;reversed;2300;50278803
bubble-iverson-2;reversed;2400;54743481
bubble-iverson-2;reversed;2500;59398170
bubble-iverson-2;reversed;2600;64240000
bubble-iverson-2;reversed;2700;69277530
bubble-iverson-2;reversed;2800;74499740
bubble-iverson-2;reversed;2900;79914610
bubble-iverson-2;reversed;3000;85519480
bubble-iverson-2;reversed;3100;91314350
bubble-iverson-2;reversed;3200;97299220
bubble-iverson-2;reversed;3300;103474090
bubble-iverson-2;reversed;3400;109840281
bubble-iverson-2;reversed;3500;116387180
bubble-iverson-2;reversed;3600;123138700
bubble-iverson-2;reversed;3700;130074321
bubble-iverson-2;reversed;3800;137199563
bubble-iverson-2;reversed;3900;144513683
bubble-iverson-2;reversed;4000;152018007
bubble-iverson-2;reversed;4100;159721224
insertion;small-range;100;1488
insertion;small-range;200;2988
insertion;small-range;300;4488
insertion;small-range;400;5988
insertion;small-range;500;7488
insertion;small-range;600;8988
insertion;small-range;700;10488
insertion;small-range;800;11988
insertion;small-range;900;13488
insertion;small-range;1000;14988
insertion;small-range;1100;16488
insertion;small-range;1200;17988
insertion;small-range;1300;19488
insertion;small-range;1400;20988
insertion;small-range;1500;22488
insertion;small-range;1600;23988
insertion;small-range;1700;25488
insertion;small-range;1800;26988
insertion;small-range;1900;28488
insertion;small-range;2000;29988
insertion;small-range;2100;31488
insertion;small-range;2200;32988
insertion;small-range;2300;34488
insertion;small-range;2400;35988
insertion;small-range;2500;37488
insertion;small-range;2600;38988
insertion;small-range;2700;40488
insertion;small-range;2800;41988
insertion;small-range;2900;43488
insertion;small-range;3000;44988
insertion;small-range;3100;46488
insertion;small-range;3200;47988
insertion;small-range;3300;49488
insertion;small-range;3400;50988
insertion;small-range;3500;52488
insertion;small-range;3600;53988
insertion;small-range;3700;55488
insertion;small-range;3800;56988
insertion;small-range;3900;58488
insertion;small-range;4000;59988
insertion;small-range;4100;61488
insertion;big-range;100;60888
insertion;big-range;200;241788
insertion;big-range;300;542688
insertion;big-range;400;963588
insertion;big-range;500;1504488
insertion;big-range;600;2165388
insertion;big-range;700;2946288
insertion;big-range;800;3847188
insertion;big-range;900;4868088
insertion;big-range;1000;6008988
insertion;big-range;1100;7269888
insertion;big-range;1200;8650788
insertion;big-range;1300;10151688
insertion;big-range;1400;11772588
insertion;big-range;1500;13513488
insertion;big-range;1600;15374388
insertion;big-range;1700;17355288
insertion;big-range;1800;19456188
insertion;big-range;1900;21677088
insertion;big-range;2000;24017988
insertion;big-range;2100;26478888
insertion;big-range;2200;29059788
insertion;big-range;2300;31760688
insertion;big-range;2400;34581588
insertion;big-range;2500;37522488
insertion;big-range;2600;40583388
insertion;big-range;2700;43764288
insertion;big-range;2800;47065188
insertion;big-range;2900;50486088
insertion;big-range;3000;54026988
insertion;big-range;3100;57687888
insertion;big-range;3200;61468788
insertion;big-range;3300;65369688
insertion;big-range;3400;69390588
insertion;big-range;3500;73531488
insertion;big-range;3600;77792388
insertion;big-range;3700;82173288
insertion;big-range;3800;86674188
insertion;big-range;3900;91295088
insertion;big-range;4000;96035988
insertion;big-range;4100;100896888
insertion;almost-sorted;100;1488
insertion;almost-sorted;200;2988
insertion;almost-sorted;300;4488
insertion;almost-sorted;400;5988
insertion;almost-sorted;500;7488
insertion;almost-sorted;600;8988
insertion;almost-sorted;700;10488
insertion;almost-sorted;800;11988
insertion;almost-sorted;900;13488
insertion;almost-sorted;1000;14988
insertion;almost-sorted;1100;16488
insertion;almost-sorted;1200;17988
insertion;almost-sorted;1300;19488
insertion;almost-sorted;1400;20988
insertion;almost-sorted;1500;22488
insertion;almost-sorted;1600;23988
insertion;almost-sorted;1700;25488
insertion;almost-sorted;1800;26988
insertion;almost-sorted;1900;28488
insertion;almost-sorted;2000;29988
insertion;almost-sorted;2100;31488
insertion;almost-sorted;2200;32988
insertion;almost-sorted;2300;34488
insertion;almost-sorted;2400;35988
insertion;almost-sorted;2500;37488
insertion;almost-sorted;2600;38988
insertion;almost-sorted;2700;40488
insertion;almost-sorted;2800;41988
insertion;almost-sorted;2900;43488
insertion;almost-sorted;3000;44988
insertion;almost-sorted;3100;46488
insertion;almost-sorted;3200;47988
insertion;almost-sorted;3300;49488
insertion;almost-sorted;3400;50988
insertion;almost-sorted;3500;52488
insertion;almost-sorted;3600;53988
insertion;almost-sorted;3700;55488
insertion;almost-sorted;3800;56988
insertion;almost-sorted;3900;58488
insertion;almost-sorted;4000;59988
insertion;almost-sorted;4100;61488
insertion;reversed;100;60888
insertion;reversed;200;241788
insertion;reversed;300;542688
insertion;reversed;400;963588
insertion;reversed;500;1504488
insertion;reversed;600;2165388
insertion;reversed;700;2946288
insertion;reversed;800;3847188
insertion;reversed;900;4868088
insertion;reversed;1000;6008988
insertion;reversed;1100;7269888
insertion;reversed;1200;8650788
insertion;reversed;1300;10151688
insertion;reversed;1400;11772588
insertion;reversed;1500;13513488
insertion;reversed;1600;15374388
insertion;reversed;1700;17355288
insertion;reversed;1800;19456188
insertion;reversed;1900;21677088
insertion;reversed;2000;24017988
insertion;reversed;2100;26478888
insertion;reversed;2200;29059788
insertion;reversed;2300;31760688
insertion;reversed;2400;34581588
insertion;reversed;2500;37522488
insertion;reversed;2600;40583388
insertion;reversed;2700;43764288
insertion;reversed;2800;47065188
insertion;reversed;2900;50486088
insertion;reversed;3000;54026988
insertion;reversed;3100;57687888
insertion;reversed;3200;61468788
insertion;reversed;3300;65369688
insertion;reversed;3400;69390588
insertion;reversed;3500;73531488
insertion;reversed;3600;77792388
insertion;reversed;3700;82173288
insertion;reversed;3800;86674188
insertion;reversed;3900;91295088
insertion;reversed;4000;96035988
insertion;reversed;4100;100896888
bin-insertion;small-range;100;38762
bin-insertion;small-range;200;140462
bin-insertion;small-range;300;291080
bin-insertion;small-range;400;532086
bin-insertion;small-range;500;826577
bin-insertion;small-range;600;1163183
bin-insertion;small-range;700;1588982
bin-insertion;small-range;800;2078027
bin-insertion;small-range;900;2620071
bin-insertion;small-range;1000;3226496
bin-insertion;small-range;1100;3898187
bin-insertion;small-range;1200;4618052
bin-insertion;small-range;1300;5357776
bin-insertion;small-range;1400;6291758
bin-insertion;small-range;1500;7230653
bin-insertion;small-range;1600;8273317
bin-insertion;small-range;1700;9290421
bin-insertion;small-range;1800;10484127
bin-insertion;small-range;1900;11652487
bin-insertion;small-range;2000;12901110
bin-insertion;small-range;2100;14185566
bin-insertion;small-range;2200;15540917
bin-insertion;small-range;2300;17008928
bin-insertion;small-range;2400;18571357
bin-insertion;small-range;2500;20185821
bin-insertion;small-range;2600;21812759
bin-insertion;small-range;2700;23389980
bin-insertion;small-range;2800;25124384
bin-insertion;small-range;2900;26989688
bin-insertion;small-range;3000;28886526
bin-insertion;small-range;3100;31161817
bin-insertion;small-range;3200;33359925
bin-insertion;small-range;3300;35467451
bin-insertion;small-range;3400;37462930
bin-insertion;small-range;3500;39729055
bin-insertion;small-range;3600;42060736
bin-insertion;small-range;3700;44318720
bin-insertion;small-range;3800;46845466
bin-insertion;small-range;3900;49209803
bin-insertion;small-range;4000;51655636
bin-insertion;small-range;4100;54301370
bin-insertion;big-range;100;35789
bin-insertion;big-range;200;127118
bin-insertion;big-range;300;282101
bin-insertion;big-range;400;480620
bin-insertion;big-range;500;772354
bin-insertion;big-range;600;1102497
bin-insertion;big-range;700;1452285
bin-insertion;big-range;800;1869883
bin-insertion;big-range;900;2361334
bin-insertion;big-range;1000;2884644
bin-insertion;big-range;1100;3428014
bin-insertion;big-range;1200;4110341
bin-insertion;big-range;1300;4778831
bin-insertion;big-range;1400;5446545
bin-insertion;big-range;1500;6221461
bin-insertion;big-range;1600;7129113
bin-insertion;big-range;1700;8060734
bin-insertion;big-range;1800;9120081
bin-insertion;big-range;1900;10081350
bin-insertion;big-range;2000;11260047
bin-insertion;big-range;2100;12454070
bin-insertion;big-range;2200;13710721
bin-insertion;big-range;2300;14895722
bin-insertion;big-range;2400;16300965
bin-insertion;big-range;2500;17731583
bin-insertion;big-range;2600;19091754
bin-insertion;big-range;2700;20559907
bin-insertion;big-range;2800;22067288
bin-insertion;big-range;2900;23560364
bin-insertion;big-range;3000;24931097
bin-insertion;big-range;3100;26580913
bin-insertion;big-range;3200;28421006
bin-insertion;big-range;3300;30250155
bin-insertion;big-range;3400;32170892
bin-insertion;big-range;3500;33952896
bin-insertion;big-range;3600;35967327
bin-insertion;big-range;3700;37902834
bin-insertion;big-range;3800;39889629
bin-insertion;big-range;3900;42058630
bin-insertion;big-range;4000;44405732
bin-insertion;big-range;4100;46727981
bin-insertion;almost-sorted;100;11080
bin-insertion;almost-sorted;200;26435
bin-insertion;almost-sorted;300;43346
bin-insertion;almost-sorted;400;61743
bin-insertion;almost-sorted;500;80244
bin-insertion;almost-sorted;600;100297
bin-insertion;almost-sorted;700;121158
bin-insertion;almost-sorted;800;141418
bin-insertion;almost-sorted;900;162323
bin-insertion;almost-sorted;1000;183323
bin-insertion;almost-sorted;1100;205150
bin-insertion;almost-sorted;1200;227299
bin-insertion;almost-sorted;1300;249667
bin-insertion;almost-sorted;1400;272667
bin-insertion;almost-sorted;1500;295760
bin-insertion;almost-sorted;1600;318210
bin-insertion;almost-sorted;1700;340717
bin-insertion;almost-sorted;1800;363908
bin-insertion;almost-sorted;1900;387008
bin-insertion;almost-sorted;2000;410189
bin-insertion;almost-sorted;2100;433465
bin-insertion;almost-sorted;2200;456665
bin-insertion;almost-sorted;2300;479865
bin-insertion;almost-sorted;2400;503162
bin-insertion;almost-sorted;2500;526462
bin-insertion;almost-sorted;2600;550090
bin-insertion;almost-sorted;2700;574190
bin-insertion;almost-sorted;2800;598290
bin-insertion;almost-sorted;2900;622475
bin-insertion;almost-sorted;3000;646675
bin-insertion;almost-sorted;3100;693119
bin-insertion;almost-sorted;3200;716219
bin-insertion;almost-sorted;3300;739319
bin-insertion;almost-sorted;3400;762419
bin-insertion;almost-sorted;3500;785519
bin-insertion;almost-sorted;3600;842216
bin-insertion;almost-sorted;3700;863316
bin-insertion;almost-sorted;3800;884416
bin-insertion;almost-sorted;3900;944921
bin-insertion;almost-sorted;4000;1007821
bin-insertion;almost-sorted;4100;1249182
bin-insertion;reversed;100;61569
bin-insertion;reversed;200;235139
bin-insertion;reversed;300;519429
bin-insertion;reversed;400;914279
bin-insertion;reversed;500;1419129
bin-insertion;reversed;600;2034859
bin-insertion;reversed;700;2760709
bin-insertion;reversed;800;3596559
bin-insertion;reversed;900;4542409
bin-insertion;reversed;1000;5598259
bin-insertion;reversed;1100;6764869
bin-insertion;reversed;1200;8041719
bin-insertion;reversed;1300;9428569
bin-insertion;reversed;1400;10925419
bin-insertion;reversed;1500;12532269
bin-insertion;reversed;1600;14249119
bin-insertion;reversed;1700;16075969
bin-insertion;reversed;1800;18012819
bin-insertion;reversed;1900;20059669
bin-insertion;reversed;2000;22216519
bin-insertion;reversed;2100;24483889
bin-insertion;reversed;2200;26861739
bin-insertion;reversed;2300;29349589
bin-insertion;reversed;2400;31947439
bin-insertion;reversed;2500;34655289
bin-insertion;reversed;2600;37473139
bin-insertion;reversed;2700;40400989
bin-insertion;reversed;2800;43438839
bin-insertion;reversed;2900;46586689
bin-insertion;reversed;3000;49844539
bin-insertion;reversed;3100;53212389
bin-insertion;reversed;3200;56690239
bin-insertion;reversed;3300;60278089
bin-insertion;reversed;3400;63975939
bin-insertion;reversed;3500;67783789
bin-insertion;reversed;3600;71701639
bin-insertion;reversed;3700;75729489
bin-insertion;reversed;3800;79867339
bin-insertion;reversed;3900;84115189
bin-insertion;reversed;4000;88473039
bin-insertion;reversed;4100;92940929
counting;small-range;100;63723
counting;small-range;200;65923
counting;small-range;300;68123
counting;small-range;400;70323
counting;small-range;500;72523
counting;small-range;600;74723
counting;small-range;700;76923
counting;small-range;800;79123
counting;small-range;900;81323
counting;small-range;1000;83523
counting;small-range;1100;85723
counting;small-range;1200;87923
counting;small-range;1300;90123
counting;small-range;1400;92323
counting;small-range;1500;94523
counting;small-range;1600;96723
counting;small-range;1700;98923
counting;small-range;1800;101123
counting;small-range;1900;103323
counting;small-range;2000;105523
counting;small-range;2100;107723
counting;small-range;2200;109923
counting;small-range;2300;112123
counting;small-range;2400;114323
counting;small-range;2500;116523
counting;small-range;2600;118723
counting;small-range;2700;120923
counting;small-range;2800;123123
counting;small-range;2900;125323
counting;small-range;3000;127523
counting;small-range;3100;129723
counting;small-range;3200;131923
counting;small-range;3300;134123
counting;small-range;3400;136323
counting;small-range;3500;138523
counting;small-range;3600;140723
counting;small-range;3700;142923
counting;small-range;3800;145123
counting;small-range;3900;147323
counting;small-range;4000;149523
counting;small-range;4100;151723
counting;big-range;100;63723
counting;big-range;200;65923
counting;big-range;300;68123
counting;big-range;400;70323
counting;big-range;500;72523
counting;big-range;600;74723
counting;big-range;700;76923
counting;big-range;800;79123
counting;big-range;900;81323
counting;big-range;1000;83523
counting;big-range;1100;85723
counting;big-range;1200;87923
counting;big-range;1300;90123
counting;big-range;1400;92323
counting;big-range;1500;94523
counting;big-range;1600;96723
counting;big-range;1700;98923
counting;big-range;1800;101123
counting;big-range;1900;103323
counting;big-range;2000;105523
counting;big-range;2100;107723
counting;big-range;2200;109923
counting;big-range;2300;112123
counting;big-range;2400;114323
counting;big-range;2500;116523
counting;big-range;2600;118723
counting;big-range;2700;120923
counting;big-range;2800;123123
counting;big-range;2900;125323
counting;big-range;3000;127523
counting;big-range;3100;129723
counting;big-range;3200;131923
counting;big-range;3300;134123
counting;big-range;3400;136323
counting;big-range;3500;138523
counting;big-range;3600;140723
counting;big-range;3700;142923
counting;big-range;3800;145123
counting;big-range;3900;147323
counting;big-range;4000;149523
counting;big-range;4100;151723
counting;almost-sorted;100;63723
counting;almost-sorted;200;65923
counting;almost-sorted;300;68123
counting;almost-sorted;400;70323
counting;almost-sorted;500;72523
counting;almost-sorted;600;74723
counting;almost-sorted;700;76923
counting;almost-sorted;800;79123
counting;almost-sorted;900;81323
counting;almost-sorted;1000;83523
counting;almost-sorted;1100;85723
counting;almost-sorted;1200;87923
counting;almost-sorted;1300;90123
counting;almost-sorted;1400;92323
counting;almost-sorted;1500;94523
counting;almost-sorted;1600;96723
counting;almost-sorted;1700;98923
counting;almost-sorted;1800;101123
counting;almost-sorted;1900;103323
counting;almost-sorted;2000;105523
counting;almost-sorted;2100;107723
counting;almost-sorted;2200;109923
counting;almost-sorted;2300;112123
counting;almost-sorted;2400;114323
counting;almost-sorted;2500;116523
counting;almost-sorted;2600;118723
counting;almost-sorted;2700;120923
counting;almost-sorted;2800;123123
counting;almost-sorted;2900;125323
counting;almost-sorted;3000;127523
counting;almost-sorted;3100;129723
counting;almost-sorted;3200;131923
counting;almost-sorted;3300;134123
counting;almost-sorted;3400;136323
counting;almost-sorted;3500;138523
counting;almost-sorted;3600;140723
counting;almost-sorted;3700;142923
counting;almost-sorted;3800;145123
counting;almost-sorted;3900;147323
counting;almost-sorted;4000;149523
counting;almost-sorted;4100;151723
counting;reversed;100;63723
counting;reversed;200;65923
counting;reversed;300;68123
counting;reversed;400;70323
counting;reversed;500;72523
counting;reversed;600;74723
counting;reversed;700;76923
counting;reversed;800;79123
counting;reversed;900;81323
counting;reversed;1000;83523
counting;reversed;1100;85723
counting;reversed;1200;87923
counting;reversed;1300;90123
counting;reversed;1400;92323
counting;reversed;1500;94523
counting;reversed;1600;96723
counting;reversed;1700;98923
counting;reversed;1800;101123
counting;reversed;1900;103323
counting;reversed;2000;105523
counting;reversed;2100;107723
counting;reversed;2200;109923
counting;reversed;2300;112123
counting;reversed;2400;114323
counting;reversed;2500;116523
counting;reversed;2600;118723
counting;reversed;2700;120923
counting;reversed;2800;123123
counting;reversed;2900;125323
counting;reversed;3000;127523
counting;reversed;3100;129723
counting;reversed;3200;131923
counting;reversed;3300;134123
counting;reversed;3400;136323
counting;reversed;3500;138523
counting;reversed;3600;140723
counting;reversed;3700;142923
counting;reversed;3800;145123
counting;reversed;3900;147323
counting;reversed;4000;149523
counting;reversed;4100;151723
radix;small-range;100;111117
radix;small-range;200;160917
radix;small-range;300;210717
radix;small-range;400;260517
radix;small-range;500;310317
radix;small-range;600;360117
radix;small-range;700;409917
radix;small-range;800;459717
radix;small-range;900;509517
radix;small-range;1000;559317
radix;small-range;1100;609117
radix;small-range;1200;658917
radix;small-range;1300;708717
radix;small-range;1400;758517
radix;small-range;1500;808317
radix;small-range;1600;858117
radix;small-range;1700;907917
radix;small-range;1800;957717
radix;small-range;1900;1007517
radix;small-range;2000;1057317
radix;small-range;2100;1107117
radix;small-range;2200;1156917
radix;small-range;2300;1206717
radix;small-range;2400;1256517
radix;small-range;2500;1306317
radix;small-range;2600;1356117
radix;small-range;2700;1405917
radix;small-range;2800;1455717
radix;small-range;2900;1505517
radix;small-range;3000;1555317
radix;small-range;3100;1605117
radix;small-range;3200;1654917
radix;small-range;3300;1704717
radix;small-range;3400;1754517
radix;small-range;3500;1804317
radix;small-range;3600;1854117
radix;small-range;3700;1903917
radix;small-range;3800;1953717
radix;small-range;3900;2003517
radix;small-range;4000;2053317
radix;small-range;4100;2103117
radix;big-range;100;111117
radix;big-range;200;160917
radix;big-range;300;210717
radix;big-range;400;260517
radix;big-range;500;310317
radix;big-range;600;360117
radix;big-range;700;409917
radix;big-range;800;459717
radix;big-range;900;509517
radix;big-range;1000;559317
radix;big-range;1100;609117
radix;big-range;1200;658917
radix;big-range;1300;708717
radix;big-range;1400;758517
radix;big-range;1500;808317
radix;big-range;1600;858117
radix;big-range;1700;907917
radix;big-range;1800;957717
radix;big-range;1900;1007517
radix;big-range;2000;1057317
radix;big-range;2100;1107117
radix;big-range;2200;1156917
radix;big-range;2300;1206717
radix;big-range;2400;1256517
radix;big-range;2500;1306317
radix;big-range;2600;1356117
radix;big-range;2700;1405917
radix;big-range;2800;1455717
radix;big-range;2900;1505517
radix;big-range;3000;1555317
radix;big-range;3100;1605117
radix;big-range;3200;1654917
radix;big-range;3300;1704717
radix;big-range;3400;1754517
radix;big-range;3500;1804317
radix;big-range;3600;1854117
radix;big-range;3700;1903917
radix;big-range;3800;1953717
radix;big-range;3900;2003517
radix;big-range;4000;2053317
radix;big-range;4100;2103117
radix;almost-sorted;100;111117
radix;almost-sorted;200;160917
radix;almost-sorted;300;210717
radix;almost-sorted;400;260517
radix;almost-sorted;500;310317
radix;almost-sorted;600;360117
radix;almost-sorted;700;409917
radix;almost-sorted;800;459717
radix;almost-sorted;900;509517
radix;almost-sorted;1000;559317
radix;almost-sorted;1100;609117
radix;almost-sorted;1200;658917
radix;almost-sorted;1300;708717
radix;almost-sorted;1400;758517
radix;almost-sorted;1500;808317
radix;almost-sorted;1600;858117
radix;almost-sorted;1700;907917
radix;almost-sorted;1800;957717
radix;almost-sorted;1900;1007517
radix;almost-sorted;2000;1057317
radix;almost-sorted;2100;1107117
radix;almost-sorted;2200;1156917
radix;almost-sorted;2300;1206717
radix;almost-sorted;2400;1256517
radix;almost-sorted;2500;1306317
radix;almost-sorted;2600;1356117
radix;almost-sorted;2700;1405917
radix;almost-sorted;2800;1455717
radix;almost-sorted;2900;1505517
radix;almost-sorted;3000;1555317
radix;almost-sorted;3100;1605117
radix;almost-sorted;3200;1654917
radix;almost-sorted;3300;1704717
radix;almost-sorted;3400;1754517
radix;almost-sorted;3500;1804317
radix;almost-sorted;3600;1854117
radix;almost-sorted;3700;1903917
radix;almost-sorted;3800;1953717
radix;almost-sorted;3900;2003517
radix;almost-sorted;4000;2053317
radix;almost-sorted;4100;2103117
radix;reversed;100;111117
radix;reversed;200;160917
radix;reversed;300;210717
radix;reversed;400;260517
radix;reversed;500;310317
radix;reversed;600;360117
radix;reversed;700;409917
radix;reversed;800;459717
radix;reversed;900;509517
radix;reversed;1000;559317
radix;reversed;1100;609117
radix;reversed;1200;658917
radix;reversed;1300;708717
radix;reversed;1400;758517
radix;reversed;1500;808317
radix;reversed;1600;858117
radix;reversed;1700;907917
radix;reversed;1800;957717
radix;reversed;1900;1007517
radix;reversed;2000;1057317
radix;reversed;2100;1107117
radix;reversed;2200;1156917
radix;reversed;2300;1206717
radix;reversed;2400;1256517
radix;reversed;2500;1306317
radix;reversed;2600;1356117
radix;reversed;2700;1405917
radix;reversed;2800;1455717
radix;reversed;2900;1505517
radix;reversed;3000;1555317
radix;reversed;3100;1605117
radix;reversed;3200;1654917
radix;reversed;3300;1704717
radix;reversed;3400;1754517
radix;reversed;3500;1804317
radix;reversed;3600;1854117
radix;reversed;3700;1903917
radix;reversed;3800;1953717
radix;reversed;3900;2003517
radix;reversed;4000;2053317
radix;reversed;4100;2103117
merge;small-range;100;26844
merge;small-range;200;61108
merge;small-range;300;98036
merge;small-range;400;137036
merge;small-range;500;176036
merge;small-range;600;218292
merge;small-range;700;260992
merge;small-range;800;303692
merge;small-range;900;346392
merge;small-range;1000;389092
merge;small-range;1100;434604
merge;small-range;1200;481004
merge;small-range;1300;527404
merge;small-range;1400;573804
merge;small-range;1500;620204
merge;small-range;1600;666604
merge;small-range;1700;713004
merge;small-range;1800;759404
merge;small-range;1900;805804
merge;small-range;2000;852204
merge;small-range;2100;900528
merge;small-range;2200;950628
merge;small-range;2300;1000728
merge;small-range;2400;1050828
merge;small-range;2500;1100928
merge;small-range;2600;1151028
merge;small-range;2700;1201128
merge;small-range;2800;1251228
merge;small-range;2900;1301328
merge;small-range;3000;1351428
merge;small-range;3100;1401528
merge;small-range;3200;1451628
merge;small-range;3300;1501728
merge;small-range;3400;1551828
merge;small-range;3500;1601928
merge;small-range;3600;1652028
merge;small-range;3700;1702128
merge;small-range;3800;1752228
merge;small-range;3900;1802328
merge;small-range;4000;1852428
merge;small-range;4100;1902676
merge;big-range;100;26844
merge;big-range;200;61108
merge;big-range;300;98036
merge;big-range;400;137036
merge;big-range;500;176036
merge;big-range;600;218292
merge;big-range;700;260992
merge;big-range;800;303692
merge;big-range;900;346392
merge;big-range;1000;389092
merge;big-range;1100;434604
merge;big-range;1200;481004
merge;big-range;1300;527404
merge;big-range;1400;573804
merge;big-range;1500;620204
merge;big-range;1600;666604
merge;big-range;1700;713004
merge;big-range;1800;759404
merge;big-range;1900;805804
merge;big-range;2000;852204
merge;big-range;2100;900528
merge;big-range;2200;950628
merge;big-range;2300;1000728
merge;big-range;2400;1050828
merge;big-range;2500;1100928
merge;big-range;2600;1151028
merge;big-range;2700;1201128
merge;big-range;2800;1251228
merge;big-range;2900;1301328
merge;big-range;3000;1351428
merge;big-range;3100;1401528
merge;big-range;3200;1451628
merge;big-range;3300;1501728
merge;big-range;3400;1551828
merge;big-range;3500;1601928
merge;big-range;3600;1652028
merge;big-range;3700;1702128
merge;big-range;3800;1752228
merge;big-range;3900;1802328
merge;big-range;4000;1852428
merge;big-range;4100;1902676
merge;almost-sorted;100;26844
merge;almost-sorted;200;61108
merge;almost-sorted;300;98036
merge;almost-sorted;400;137036
merge;almost-sorted;500;176036
merge;almost-sorted;600;218292
merge;almost-sorted;700;260992
merge;almost-sorted;800;303692
merge;almost-sorted;900;346392
merge;almost-sorted;1000;389092
merge;almost-sorted;1100;434604
merge;almost-sorted;1200;481004
merge;almost-sorted;1300;527404
merge;almost-sorted;1400;573804
merge;almost-sorted;1500;620204
merge;almost-sorted;1600;666604
merge;almost-sorted;1700;713004
merge;almost-sorted;1800;759404
merge;almost-sorted;1900;805804
merge;almost-sorted;2000;852204
merge;almost-sorted;2100;900528
merge;almost-sorted;2200;950628
merge;almost-sorted;2300;1000728
merge;almost-sorted;2400;1050828
merge;almost-sorted;2500;1100928
merge;almost-sorted;2600;1151028
merge;almost-sorted;2700;1201128
merge;almost-sorted;2800;1251228
merge;almost-sorted;2900;1301328
merge;almost-sorted;3000;1351428
merge;almost-sorted;3100;1401528
merge;almost-sorted;3200;1451628
merge;almost-sorted;3300;1501728
merge;almost-sorted;3400;1551828
merge;almost-sorted;3500;1601928
merge;almost-sorted;3600;1652028
merge;almost-sorted;3700;1702128
merge;almost-sorted;3800;1752228
merge;almost-sorted;3900;1802328
merge;almost-sorted;4000;1852428
merge;almost-sorted;4100;1902676
merge;reversed;100;26844
merge;reversed;200;61108
merge;reversed;300;98036
merge;reversed;400;137036
merge;reversed;500;176036
merge;reversed;600;218292
merge;reversed;700;260992
merge;reversed;800;303692
merge;reversed;900;346392
merge;reversed;1000;389092
merge;reversed;1100;434604
merge;reversed;1200;481004
merge;reversed;1300;527404
merge;reversed;1400;573804
merge;reversed;1500;620204
merge;reversed;1600;666604
merge;reversed;1700;713004
merge;reversed;1800;759404
merge;reversed;1900;805804
merge;reversed;2000;852204
merge;reversed;2100;900528
merge;reversed;2200;950628
merge;reversed;2300;1000728
merge;reversed;2400;1050828
merge;reversed;2500;1100928
merge;reversed;2600;1151028
merge;reversed;2700;1201128
merge;reversed;2800;1251228
merge;reversed;2900;1301328
merge;reversed;3000;1351428
merge;reversed;3100;1401528
merge;reversed;3200;1451628
merge;reversed;3300;1501728
merge;reversed;3400;1551828
merge;reversed;3500;1601928
merge;reversed;3600;1652028
merge;reversed;3700;1702128
merge;reversed;3800;1752228
merge;reversed;3900;1802328
merge;reversed;4000;1852428
merge;reversed;4100;1902676
quick;small-range;100;7950
quick;small-range;200;17926
quick;small-range;300;28215
quick;small-range;400;39582
quick;small-range;500;49755
quick;small-range;600;60060
quick;small-range;700;84081
quick;small-range;800;89197
quick;small-range;900;96077
quick;small-range;1000;105666
quick;small-range;1100;122355
quick;small-range;1200;129442
quick;small-range;1300;140634
quick;small-range;1400;166477
quick;small-range;1500;170514
quick;small-range;1600;184293
quick;small-range;1700;190276
quick;small-range;1800;212009
quick;small-range;1900;215579
quick;small-range;2000;238982
quick;small-range;2100;269746
quick;small-range;2200;272798
quick;small-range;2300;265777
quick;small-range;2400;292914
quick;small-range;2500;295759
quick;small-range;2600;363019
quick;small-range;2700;329686
quick;small-range;2800;382644
quick;small-range;2900;367330
quick;small-range;3000;397918
quick;small-range;3100;403648
quick;small-range;3200;420813
quick;small-range;3300;416912
quick;small-range;3400;450427
quick;small-range;3500;458330
quick;small-range;3600;454484
quick;small-range;3700;471430
quick;small-range;3800;474296
quick;small-range;3900;521605
quick;small-range;4000;503310
quick;small-range;4100;535223
quick;big-range;100;9289
quick;big-range;200;21579
quick;big-range;300;34114
quick;big-range;400;45150
quick;big-range;500;64417
quick;big-range;600;80775
quick;big-range;700;93014
quick;big-range;800;113847
quick;big-range;900;121045
quick;big-range;1000;148840
quick;big-range;1100;157789
quick;big-range;1200;180403
quick;big-range;1300;185044
quick;big-range;1400;208893
quick;big-range;1500;225918
quick;big-range;1600;239181
quick;big-range;1700;251051
quick;big-range;1800;268281
quick;big-range;1900;300876
quick;big-range;2000;333130
quick;big-range;2100;330808
quick;big-range;2200;368738
quick;big-range;2300;350902
quick;big-range;2400;380216
quick;big-range;2500;380034
quick;big-range;2600;446797
quick;big-range;2700;450982
quick;big-range;2800;475906
quick;big-range;2900;486511
quick;big-range;3000;490550
quick;big-range;3100;507726
quick;big-range;3200;535090
quick;big-range;3300;542074
quick;big-range;3400;542580
quick;big-range;3500;571593
quick;big-range;3600;674252
quick;big-range;3700;656551
quick;big-range;3800;667843
quick;big-range;3900;643624
quick;big-range;4000;713701
quick;big-range;4100;723609
quick;almost-sorted;100;22891
quick;almost-sorted;200;72524
quick;almost-sorted;300;145097
quick;almost-sorted;400;239325
quick;almost-sorted;500;357672
quick;almost-sorted;600;488530
quick;almost-sorted;700;640196
quick;almost-sorted;800;813666
quick;almost-sorted;900;1009637
quick;almost-sorted;1000;1226445
quick;almost-sorted;1100;1447979
quick;almost-sorted;1200;1685409
quick;almost-sorted;1300;1942839
quick;almost-sorted;1400;2220269
quick;almost-sorted;1500;2517699
quick;almost-sorted;1600;2835129
quick;almost-sorted;1700;3172559
quick;almost-sorted;1800;3529989
quick;almost-sorted;1900;3907419
quick;almost-sorted;2000;4304849
quick;almost-sorted;2100;4707676
quick;almost-sorted;2200;5145106
quick;almost-sorted;2300;5602536
quick;almost-sorted;2400;6079966
quick;almost-sorted;2500;6577396
quick;almost-sorted;2600;7094826
quick;almost-sorted;2700;7632256
quick;almost-sorted;2800;8189686
quick;almost-sorted;2900;8767116
quick;almost-sorted;3000;9364546
quick;almost-sorted;3100;10937036
quick;almost-sorted;3200;11644283
quick;almost-sorted;3300;12356629
quick;almost-sorted;3400;13109713
quick;almost-sorted;3500;9283712
quick;almost-sorted;3600;16440361
quick;almost-sorted;3700;17358680
quick;almost-sorted;3800;18302936
quick;almost-sorted;3900;21954279
quick;almost-sorted;4000;26855427
quick;almost-sorted;4100;56436725
quick;reversed;100;51622
quick;reversed;200;203272
quick;reversed;300;454922
quick;reversed;400;806572
quick;reversed;500;1258222
quick;reversed;600;1809872
quick;reversed;700;2461522
quick;reversed;800;3213172
quick;reversed;900;4064822
quick;reversed;1000;5016472
quick;reversed;1100;6068122
quick;reversed;1200;7219772
quick;reversed;1300;8471422
quick;reversed;1400;9823072
quick;reversed;1500;11274722
quick;reversed;1600;12826372
quick;reversed;1700;14478022
quick;reversed;1800;16229672
quick;reversed;1900;18081322
quick;reversed;2000;20032972
quick;reversed;2100;22084622
quick;reversed;2200;24236272
quick;reversed;2300;26487922
quick;reversed;2400;28839572
quick;reversed;2500;31291222
quick;reversed;2600;33842872
quick;reversed;2700;36494522
quick;reversed;2800;39246172
quick;reversed;2900;42097822
quick;reversed;3000;45049472
quick;reversed;3100;48101122
quick;reversed;3200;51252772
quick;reversed;3300;54504422
quick;reversed;3400;57856072
quick;reversed;3500;61307722
quick;reversed;3600;64859372
quick;reversed;3700;68511022
quick;reversed;3800;72262672
quick;reversed;3900;76114322
quick;reversed;4000;80065972
quick;reversed;4100;84117622
heap;small-range;100;19417
heap;small-range;200;45960
heap;small-range;300;75344
heap;small-range;400;104920
heap;small-range;500;133605
heap;small-range;600;166160
heap;small-range;700;201508
heap;small-range;800;235437
heap;small-range;900;265325
heap;small-range;1000;300577
heap;small-range;1100;336405
heap;small-range;1200;370622
heap;small-range;1300;406627
heap;small-range;1400;448116
heap;small-range;1500;480626
heap;small-range;1600;517513
heap;small-range;1700;553215
heap;small-range;1800;591770
heap;small-range;1900;626611
heap;small-range;2000;664293
heap;small-range;2100;700880
heap;small-range;2200;741037
heap;small-range;2300;780936
heap;small-range;2400;817817
heap;small-range;2500;856087
heap;small-range;2600;891801
heap;small-range;2700;935795
heap;small-range;2800;975193
heap;small-range;2900;1016997
heap;small-range;3000;1051553
heap;small-range;3100;1096009
heap;small-range;3200;1139136
heap;small-range;3300;1177214
heap;small-range;3400;1215547
heap;small-range;3500;1253451
heap;small-range;3600;1290977
heap;small-range;3700;1331503
heap;small-range;3800;1366662
heap;small-range;3900;1409294
heap;small-range;4000;1450210
heap;small-range;4100;1489659
heap;big-range;100;23569
heap;big-range;200;54411
heap;big-range;300;87185
heap;big-range;400;124054
heap;big-range;500;160920
heap;big-range;600;197633
heap;big-range;700;236530
heap;big-range;800;277230
heap;big-range;900;317105
heap;big-range;1000;357001
heap;big-range;1100;398634
heap;big-range;1200;439910
heap;big-range;1300;484657
heap;big-range;1400;527256
heap;big-range;1500;570284
heap;big-range;1600;613924
heap;big-range;1700;657987
heap;big-range;1800;700622
heap;big-range;1900;745486
heap;big-range;2000;791124
heap;big-range;2100;834806
heap;big-range;2200;881296
heap;big-range;2300;925563
heap;big-range;2400;972044
heap;big-range;2500;1019251
heap;big-range;2600;1066656
heap;big-range;2700;1113710
heap;big-range;2800;1161688
heap;big-range;2900;1207056
heap;big-range;3000;1252505
heap;big-range;3100;1300660
heap;big-range;3200;1349199
heap;big-range;3300;1396133
heap;big-range;3400;1444162
heap;big-range;3500;1494090
heap;big-range;3600;1539998
heap;big-range;3700;1588807
heap;big-range;3800;1635093
heap;big-range;3900;1685753
heap;big-range;4000;1730746
heap;big-range;4100;1781565
heap;almost-sorted;100;23533
heap;almost-sorted;200;54435
heap;almost-sorted;300;87578
heap;almost-sorted;400;123067
heap;almost-sorted;500;158616
heap;almost-sorted;600;196721
heap;almost-sorted;700;235348
heap;almost-sorted;800;275676
heap;almost-sorted;900;314549
heap;almost-sorted;1000;354016
heap;almost-sorted;1100;396816
heap;almost-sorted;1200;439673
heap;almost-sorted;1300;481171
heap;almost-sorted;1400;524301
heap;almost-sorted;1500;567461
heap;almost-sorted;1600;611047
heap;almost-sorted;1700;653247
heap;almost-sorted;1800;696863
heap;almost-sorted;1900;739309
heap;almost-sorted;2000;782385
heap;almost-sorted;2100;827717
heap;almost-sorted;2200;874900
heap;almost-sorted;2300;921696
heap;almost-sorted;2400;969281
heap;almost-sorted;2500;1016104
heap;almost-sorted;2600;1063599
heap;almost-sorted;2700;1110275
heap;almost-sorted;2800;1158085
heap;almost-sorted;2900;1205466
heap;almost-sorted;3000;1252490
heap;almost-sorted;3100;1321696
heap;almost-sorted;3200;1370154
heap;almost-sorted;3300;1418954
heap;almost-sorted;3400;1467619
heap;almost-sorted;3500;1516581
heap;almost-sorted;3600;1582949
heap;almost-sorted;3700;1631722
heap;almost-sorted;3800;1681029
heap;almost-sorted;3900;1754762
heap;almost-sorted;4000;1817542
heap;almost-sorted;4100;1889721
heap;reversed;100;21055
heap;reversed;200;48630
heap;reversed;300;79850
heap;reversed;400;112567
heap;reversed;500;146304
heap;reversed;600;181514
heap;reversed;700;217915
heap;reversed;800;254967
heap;reversed;900;292964
heap;reversed;1000;328492
heap;reversed;1100;369366
heap;reversed;1200;407546
heap;reversed;1300;449461
heap;reversed;1400;488280
heap;reversed;1500;531923
heap;reversed;1600;569098
heap;reversed;1700;612387
heap;reversed;1800;652445
heap;reversed;1900;697972
heap;reversed;2000;734760
heap;reversed;2100;779075
heap;reversed;2200;819892
heap;reversed;2300;867390
heap;reversed;2400;906143
heap;reversed;2500;950089
heap;reversed;2600;991287
heap;reversed;2700;1038779
heap;reversed;2800;1078741
heap;reversed;2900;1122840
heap;reversed;3000;1165688
heap;reversed;3100;1213921
heap;reversed;3200;1257465
heap;reversed;3300;1299884
heap;reversed;3400;1345696
heap;reversed;3500;1394535
heap;reversed;3600;1437299
heap;reversed;3700;1480219
heap;reversed;3800;1528380
heap;reversed;3900;1575455
heap;reversed;4000;1620103
heap;reversed;4100;1663041
shell-ciura;small-range;100;31719
shell-ciura;small-range;200;128046
shell-ciura;small-range;300;290751
shell-ciura;small-range;400;537912
shell-ciura;small-range;500;853497
shell-ciura;small-range;600;1135887
shell-ciura;small-range;700;1532832
shell-ciura;small-range;800;2024043
shell-ciura;small-range;900;2572368
shell-ciura;small-range;1000;3190218
shell-ciura;small-range;1100;3819093
shell-ciura;small-range;1200;4539213
shell-ciura;small-range;1300;5412903
shell-ciura;small-range;1400;6346818
shell-ciura;small-range;1500;7279908
shell-ciura;small-range;1600;8262828
shell-ciura;small-range;1700;9309543
shell-ciura;small-range;1800;10348608
shell-ciura;small-range;1900;11355498
shell-ciura;small-range;2000;12569163
shell-ciura;small-range;2100;13760088
shell-ciura;small-range;2200;15097008
shell-ciura;small-range;2300;16421373
shell-ciura;small-range;2400;17732478
shell-ciura;small-range;2500;19203063
shell-ciura;small-range;2600;20797668
shell-ciura;small-range;2700;22428423
shell-ciura;small-range;2800;24077148
shell-ciura;small-range;2900;25788723
shell-ciura;small-range;3000;27726813
shell-ciura;small-range;3100;29961453
shell-ciura;small-range;3200;31906773
shell-ciura;small-range;3300;34107003
shell-ciura;small-range;3400;36171003
shell-ciura;small-range;3500;38421153
shell-ciura;small-range;3600;40562508
shell-ciura;small-range;3700;42840603
shell-ciura;small-range;3800;45146958
shell-ciura;small-range;3900;47634318
shell-ciura;small-range;4000;49960653
shell-ciura;small-range;4100;52204788
shell-ciura;big-range;100;38934
shell-ciura;big-range;200;154206
shell-ciura;big-range;300;368151
shell-ciura;big-range;400;643917
shell-ciura;big-range;500;997122
shell-ciura;big-range;600;1415982
shell-ciura;big-range;700;1925757
shell-ciura;big-range;800;2493453
shell-ciura;big-range;900;3136683
shell-ciura;big-range;1000;3899358
shell-ciura;big-range;1100;4699008
shell-ciura;big-range;1200;5532138
shell-ciura;big-range;1300;6404703
shell-ciura;big-range;1400;7416438
shell-ciura;big-range;1500;8519268
shell-ciura;big-range;1600;9649968
shell-ciura;big-range;1700;10912788
shell-ciura;big-range;1800;12141993
shell-ciura;big-range;1900;13509123
shell-ciura;big-range;2000;15035388
shell-ciura;big-range;2100;16666158
shell-ciura;big-range;2200;18369948
shell-ciura;big-range;2300;20082918
shell-ciura;big-range;2400;21907533
shell-ciura;big-range;2500;23716668
shell-ciura;big-range;2600;25693788
shell-ciura;big-range;2700;27753528
shell-ciura;big-range;2800;29855238
shell-ciura;big-range;2900;31839753
shell-ciura;big-range;3000;33967593
shell-ciura;big-range;3100;36124533
shell-ciura;big-range;3200;38657478
shell-ciura;big-range;3300;41024208
shell-ciura;big-range;3400;43438968
shell-ciura;big-range;3500;46309938
shell-ciura;big-range;3600;49032678
shell-ciura;big-range;3700;51773118
shell-ciura;big-range;3800;54707508
shell-ciura;big-range;3900;57493818
shell-ciura;big-range;4000;60598188
shell-ciura;big-range;4100;63619248
shell-ciura;almost-sorted;100;9294
shell-ciura;almost-sorted;200;22971
shell-ciura;almost-sorted;300;38016
shell-ciura;almost-sorted;400;54807
shell-ciura;almost-sorted;500;71607
shell-ciura;almost-sorted;600;89712
shell-ciura;almost-sorted;700;108012
shell-ciura;almost-sorted;800;127203
shell-ciura;almost-sorted;900;146403
shell-ciura;almost-sorted;1000;165603
shell-ciura;almost-sorted;1100;185928
shell-ciura;almost-sorted;1200;206628
shell-ciura;almost-sorted;1300;227328
shell-ciura;almost-sorted;1400;248028
shell-ciura;almost-sorted;1500;268728
shell-ciura;almost-sorted;1600;289428
shell-ciura;almost-sorted;1700;310128
shell-ciura;almost-sorted;1800;331278
shell-ciura;almost-sorted;1900;352878
shell-ciura;almost-sorted;2000;374478
shell-ciura;almost-sorted;2100;396183
shell-ciura;almost-sorted;2200;417783
shell-ciura;almost-sorted;2300;439383
shell-ciura;almost-sorted;2400;460983
shell-ciura;almost-sorted;2500;482583
shell-ciura;almost-sorted;2600;504183
shell-ciura;almost-sorted;2700;525783
shell-ciura;almost-sorted;2800;547383
shell-ciura;almost-sorted;2900;568983
shell-ciura;almost-sorted;3000;590583
shell-ciura;almost-sorted;3100;642603
shell-ciura;almost-sorted;3200;662703
shell-ciura;almost-sorted;3300;682803
shell-ciura;almost-sorted;3400;702903
shell-ciura;almost-sorted;3500;723003
shell-ciura;almost-sorted;3600;789063
shell-ciura;almost-sorted;3700;807663
shell-ciura;almost-sorted;3800;826263
shell-ciura;almost-sorted;3900;897843
shell-ciura;almost-sorted;4000;972183
shell-ciura;almost-sorted;4100;1289793
shell-ciura;reversed;100;77949
shell-ciura;reversed;200;307311
shell-ciura;reversed;300;686961
shell-ciura;reversed;400;1217502
shell-ciura;reversed;500;1898052
shell-ciura;reversed;600;2728602
shell-ciura;reversed;700;3709152
shell-ciura;reversed;800;4840593
shell-ciura;reversed;900;6122043
shell-ciura;reversed;1000;7553493
shell-ciura;reversed;1100;9134943
shell-ciura;reversed;1200;10866393
shell-ciura;reversed;1300;12747843
shell-ciura;reversed;1400;14779293
shell-ciura;reversed;1500;16960743
shell-ciura;reversed;1600;19292193
shell-ciura;reversed;1700;21773643
shell-ciura;reversed;1800;24405543
shell-ciura;reversed;1900;27187893
shell-ciura;reversed;2000;30120243
shell-ciura;reversed;2100;33202593
shell-ciura;reversed;2200;36434943
shell-ciura;reversed;2300;39817293
shell-ciura;reversed;2400;43349643
shell-ciura;reversed;2500;47031993
shell-ciura;reversed;2600;50864343
shell-ciura;reversed;2700;54846693
shell-ciura;reversed;2800;58979043
shell-ciura;reversed;2900;63261393
shell-ciura;reversed;3000;67693743
shell-ciura;reversed;3100;72276093
shell-ciura;reversed;3200;77008443
shell-ciura;reversed;3300;81890793
shell-ciura;reversed;3400;86923143
shell-ciura;reversed;3500;92105493
shell-ciura;reversed;3600;97437843
shell-ciura;reversed;3700;102920193
shell-ciura;reversed;3800;108552543
shell-ciura;reversed;3900;114334893
shell-ciura;reversed;4000;120267243
shell-ciura;reversed;4100;126349593
shell;small-range;100;7696
shell;small-range;200;18731
shell;small-range;300;27835
shell;small-range;400;40858
shell;small-range;500;47219
shell;small-range;600;65013
shell;small-range;700;72486
shell;small-range;800;94007
shell;small-range;900;105483
shell;small-range;1000;107839
shell;small-range;1100;126613
shell;small-range;1200;143944
shell;small-range;1300;152146
shell;small-range;1400;160111
shell;small-range;1500;175904
shell;small-range;1600;207615
shell;small-range;1700;209290
shell;small-range;1800;225337
shell;small-range;1900;219728
shell;small-range;2000;242422
shell;small-range;2100;263599
shell;small-range;2200;274775
shell;small-range;2300;285247
shell;small-range;2400;321947
shell;small-range;2500;326128
shell;small-range;2600;331617
shell;small-range;2700;338212
shell;small-range;2800;363592
shell;small-range;2900;365180
shell;small-range;3000;380343
shell;small-range;3100;399117
shell;small-range;3200;473617
shell;small-range;3300;426068
shell;small-range;3400;448676
shell;small-range;3500;433401
shell;small-range;3600;497318
shell;small-range;3700;463131
shell;small-range;3800;480274
shell;small-range;3900;482109
shell;small-range;4000;544471
shell;small-range;4100;664277
shell;big-range;100;12983
shell;big-range;200;29696
shell;big-range;300;48082
shell;big-range;400;73855
shell;big-range;500;83429
shell;big-range;600;114874
shell;big-range;700;129844
shell;big-range;800;176338
shell;big-range;900;222222
shell;big-range;1000;201254
shell;big-range;1100;232217
shell;big-range;1200;275439
shell;big-range;1300;310977
shell;big-range;1400;302826
shell;big-range;1500;317939
shell;big-range;1600;429499
shell;big-range;1700;388011
shell;big-range;1800;498867
shell;big-range;1900;427434
shell;big-range;2000;469763
shell;big-range;2100;562850
shell;big-range;2200;570983
shell;big-range;2300;577800
shell;big-range;2400;634611
shell;big-range;2500;627402
shell;big-range;2600;733820
shell;big-range;2700;724078
shell;big-range;2800;691352
shell;big-range;2900;722061
shell;big-range;3000;733722
shell;big-range;3100;1013208
shell;big-range;3200;1056462
shell;big-range;3300;964730
shell;big-range;3400;958574
shell;big-range;3500;960469
shell;big-range;3600;1225802
shell;big-range;3700;1008066
shell;big-range;3800;1079286
shell;big-range;3900;1083399
shell;big-range;4000;1173930
shell;big-range;4100;2013601
shell;almost-sorted;100;8138
shell;almost-sorted;200;18850
shell;almost-sorted;300;30759
shell;almost-sorted;400;41504
shell;almost-sorted;500;54563
shell;almost-sorted;600;68209
shell;almost-sorted;700;82737
shell;almost-sorted;800;90930
shell;almost-sorted;900;112351
shell;almost-sorted;1000;121507
shell;almost-sorted;1100;136881
shell;almost-sorted;1200;150863
shell;almost-sorted;1300;168857
shell;almost-sorted;1400;182993
shell;almost-sorted;1500;191850
shell;almost-sorted;1600;204402
shell;almost-sorted;1700;225304
shell;almost-sorted;1800;241249
shell;almost-sorted;1900;251178
shell;almost-sorted;2000;267973
shell;almost-sorted;2100;319053
shell;almost-sorted;2200;297759
shell;almost-sorted;2300;331402
shell;almost-sorted;2400;329767
shell;almost-sorted;2500;358564
shell;almost-sorted;2600;369323
shell;almost-sorted;2700;384792
shell;almost-sorted;2800;396725
shell;almost-sorted;2900;405079
shell;almost-sorted;3000;416128
shell;almost-sorted;3100;530850
shell;almost-sorted;3200;434126
shell;almost-sorted;3300;492147
shell;almost-sorted;3400;491992
shell;almost-sorted;3500;494448
shell;almost-sorted;3600;527119
shell;almost-sorted;3700;527612
shell;almost-sorted;3800;559494
shell;almost-sorted;3900;566293
shell;almost-sorted;4000;576805
shell;almost-sorted;4100;1207478
shell;reversed;100;9005
shell;reversed;200;21434
shell;reversed;300;36012
shell;reversed;400;49783
shell;reversed;500;67330
shell;reversed;600;82421
shell;reversed;700;100179
shell;reversed;800;113472
shell;reversed;900;135981
shell;reversed;1000;152039
shell;reversed;1100;166886
shell;reversed;1200;185730
shell;reversed;1300;210490
shell;reversed;1400;224728
shell;reversed;1500;242289
shell;reversed;1600;254841
shell;reversed;1700;272819
shell;reversed;1800;303350
shell;reversed;1900;312497
shell;reversed;2000;338948
shell;reversed;2100;349959
shell;reversed;2200;372151
shell;reversed;2300;414566
shell;reversed;2400;413339
shell;reversed;2500;448528
shell;reversed;2600;466359
shell;reversed;2700;481828
shell;reversed;2800;498317
shell;reversed;2900;513097
shell;reversed;3000;536930
shell;reversed;3100;542308
shell;reversed;3200;565570
shell;reversed;3300;624713
shell;reversed;3400;605008
shell;reversed;3500;620486
shell;reversed;3600;669579
shell;reversed;3700;674594
shell;reversed;3800;691346
shell;reversed;3900;732655
shell;reversed;4000;747757
shell;reversed;4100;754530
